mysql> select unix_timestamp('2012-10-01 12:11:10');
+---------------------------------------+
| unix_timestamp('2012-10-01 12:11:10') |
+---------------------------------------+
|                            1349064670 |
+---------------------------------------+
1 row in set (0.03 sec)

mysql> select unix_timestamp('2016-03-08 14:58:00');
+---------------------------------------+
| unix_timestamp('2016-03-08 14:58:00') |
+---------------------------------------+
|                            1457420280 |
+---------------------------------------+
1 row in set (0.00 sec)


mysql> select  from_unixtime(unix_timestamp('2016-03-08 14:58:00')+1800);
+-----------------------------------------------------------+
| from_unixtime(unix_timestamp('2016-03-08 14:58:00')+1800) |
+-----------------------------------------------------------+
| 2016-03-08 15:28:00                                       |
+-----------------------------------------------------------+
1 row in set (0.00 sec)
